Product Name,Product Price,Product Sold,Product Location,Product Link
Rompi katun Rompi kain Rompi casual,"Rp147,500",0,Kab. Garut,https://www.lazada.co.id/products/rompi-katun-rompi-kain-rompi-casual-i6020472709.html
Rompi katun import coklat-mocca//model terbaru Terlaris//Cod//Sabila123,"Rp149,900",0,Kota Jakarta Pusat,https://www.lazada.co.id/products/rompi-katun-import-coklat-moccamodel-terbaru-terlariscodsabila123-i5359624305.html
ROMPI SOLAT MUSLIM PRIA DEWASA BAHAN FULL KATUN ADEM DIPAKAI,"Rp29,900",485 sold,Kab. Pekalongan,https://www.lazada.co.id/products/rompi-solat-muslim-pria-dewasa-bahan-full-katun-adem-dipakai-i8174982794.html
Jaket rompi pria keren rompi polos katun fleece tebal - Berkahku shop,"Rp45,040",433 sold,Kota Cimahi,https://www.lazada.co.id/products/jaket-rompi-pria-keren-rompi-polos-katun-fleece-tebal-berkahku-shop-i917514408.html
ROMPI SOLAT TERBARU MUSLIM PRIA DEWASA BAHAN KATUN FULL KATUN ADEM DIPAKAI,"Rp29,900",67 sold,Kab. Pekalongan,https://www.lazada.co.id/products/rompi-solat-terbaru-muslim-pria-dewasa-bahan-katun-full-katun-adem-dipakai-i8192396142.html
ROMPI SOLAT HARGA SATUAN BAHAN FULL KATUN ADEM DIPAKAI MUSLIM PRIA DEWASA,"Rp29,900",87 sold,Kab. Pekalongan,https://www.lazada.co.id/products/rompi-solat-harga-satuan-bahan-full-katun-adem-dipakai-muslim-pria-dewasa-i8192330187.html
rompi katun pria,"Rp85,000",0,Kab. Garut,https://www.lazada.co.id/products/rompi-katun-pria-i8167652710.html
rompi katun pria,"Rp155,000",0,Kab. Garut,https://www.lazada.co.id/products/rompi-katun-pria-i7941618434.html
ROMPI SOLAT TERBARU MUSLIM PRIA DEWASA BAHAN FULL KATUN ADEM DIPAKAI,"Rp29,900",42 sold,Kab. Pekalongan,https://www.lazada.co.id/products/rompi-solat-terbaru-muslim-pria-dewasa-bahan-full-katun-adem-dipakai-i8231704737.html
100 RIBU DAPAT 4 ROMPI SOLAT MUSLIM PRIA DEWASA BAHAN FULL KATUN ADEM DIPAKAI,"Rp59,900",92 sold,Kab. Pekalongan,https://www.lazada.co.id/products/100-ribu-dapat-4-rompi-solat-muslim-pria-dewasa-bahan-full-katun-adem-dipakai-i8192346508.html
rompi keren disrto pria cowok dewasa import bahan katun ukuran jumbo terbaru terlaris,"Rp137,837",145 sold,Kab. Garut,https://www.lazada.co.id/products/rompi-keren-disrto-pria-cowok-dewasa-import-bahan-katun-ukuran-jumbo-terbaru-terlaris-i8086798332.html
Rompi cargo bahan katun twill / rompi lapangan / romppi outdoor / rompii tactical / vest cargo,"Rp75,000",823 sold,Kab. Bogor,https://www.lazada.co.id/products/rompi-cargo-bahan-katun-twill-rompi-lapangan-romppi-outdoor-rompii-tactical-vest-cargo-i7077404706.html
Rompi Jeep katun import mocca#bisa bolak-balik#terbaru terlaris#COD#Sabila123,"Rp179,900",0,Kota Jakarta Pusat,https://www.lazada.co.id/products/rompi-jeep-katun-import-moccabisa-bolak-balikterbaru-terlariscodsabila123-i4988744764.html
DELWISH FASHION - Rompi pria terbaru/rompi formal pria/rompi pria katun drill,"Rp135,000",0,Kab. Garut,https://www.lazada.co.id/products/delwish-fashion-rompi-pria-terbarurompi-formal-priarompi-pria-katun-drill-i6200868300.html
"jaket rompi motor bahan katun keren bagus kekinian - Hitam, S","Rp165,000",0,Kab. Garut,https://www.lazada.co.id/products/jaket-rompi-motor-bahan-katun-keren-bagus-kekinian-hitam-s-i7681476067.html
Rompi Krah katun hijau army#model terbaru Terlaris#Cod#Sabila123,"Rp129,900",0,Kota Jakarta Pusat,https://www.lazada.co.id/products/rompi-krah-katun-hijau-armymodel-terbaru-terlariscodsabila123-i4954764351.html
rompi pria dewasa import / rompi bolak balik bahan katun kanvas tebal merk jeep,"Rp215,000",0,Kab. Pemalang,https://www.lazada.co.id/products/rompi-pria-dewasa-import-rompi-bolak-balik-bahan-katun-kanvas-tebal-merk-jeep-i8229772987.html
BAJU KOKO ROMPI SHOLAT ROSAL FULL KATUN,"Rp31,000",224 sold,Kab. Pekalongan,https://www.lazada.co.id/products/baju-koko-rompi-sholat-rosal-full-katun-i8202438504.html
COD - Rompi multifungsi - bahan drill katun,"Rp65,000",608 sold,Kota Jakarta Barat,https://www.lazada.co.id/products/cod-rompi-multifungsi-bahan-drill-katun-i5756824691.html
100 RIBU DAPAT 4 ROMPI SOLAT MUSLIM PRIA DEWASA BAHAN FULL KATUN,"Rp60,900",149 sold,Kab. Pekalongan,https://www.lazada.co.id/products/100-ribu-dapat-4-rompi-solat-muslim-pria-dewasa-bahan-full-katun-i8175004534.html
Jaket Rompi pria - Rompi Hoodie Indoor Outdoor katun - Oixs Cloth,"Rp45,000",359 sold,Kota Cimahi,https://www.lazada.co.id/products/jaket-rompi-pria-rompi-hoodie-indoor-outdoor-katun-oixs-cloth-i1488066831.html
100 RIBU DAPAT 4 ROMPI SOLAT MUSLIM PRIA DEWASA BAHAN FULL KATUN ADEM DAN NYAMAN DIPAKAI ROSALCLASIC,"Rp59,700",8 sold,Kab. Pekalongan,https://www.lazada.co.id/products/100-ribu-dapat-4-rompi-solat-muslim-pria-dewasa-bahan-full-katun-adem-dan-nyaman-dipakai-rosalclasic-i8192328920.html
ROMPI KATUN KANVAS JEEP BOLAK BALIK - ROMPI OUTDOOR,"Rp196,853",1.0K sold,Kota Jakarta Barat,https://www.lazada.co.id/products/rompi-katun-kanvas-jeep-bolak-balik-rompi-outdoor-i2443650315.html
Jaket rompi pria - rompi motor polos katun Fleece tebal - Berkahku shop,"Rp47,819",403 sold,Kota Cimahi,https://www.lazada.co.id/products/jaket-rompi-pria-rompi-motor-polos-katun-fleece-tebal-berkahku-shop-i917474992.html
ROMPI VEST BAHAN KATUN TERBARU,"Rp30,000",0,Kota Pekalongan,https://www.lazada.co.id/products/rompi-vest-bahan-katun-terbaru-i8392160220.html
Jaket rompi anak variasi katun fleece Berkahku shop,"Rp23,592",154 sold,Kota Cimahi,https://www.lazada.co.id/products/jaket-rompi-anak-variasi-katun-fleece-berkahku-shop-i7513046602.html
Rompi Katun Formal Pria,"Rp75,215",0,Kota Jakarta Barat,https://www.lazada.co.id/products/rompi-katun-formal-pria-i762648247.html
"Vest batik , Outer katun batik, Rompi batik","Rp14,500",171 sold,Kab. Sleman,https://www.lazada.co.id/products/vest-batik-outer-katun-batik-rompi-batik-i8296290440.html
jaket rompi pria kasual jumbo big size 3XL 4XL 5XL 6XL 7XL 8XL bahan katun produk original,"Rp140,000",21 sold,Kab. Garut,https://www.lazada.co.id/products/jaket-rompi-pria-kasual-jumbo-big-size-3xl-4xl-5xl-6xl-7xl-8xl-bahan-katun-produk-original-i7596054750.html
"ROMPI PRIA OUTDOOR/ROMPI KOMUNITAS/ROMPI MOTOR,BAHAN KATUN ADEM TIDAK BIKIN GERAH","Rp180,000",0,Kab. Garut,https://www.lazada.co.id/products/rompi-pria-outdoorrompi-komunitasrompi-motorbahan-katun-adem-tidak-bikin-gerah-i6799364841.html
Rompi kerah lipat katun pria//rompi pria lapangan cocok untuk seragam,"Rp265,000",0,Kab. Tangerang,https://www.lazada.co.id/products/rompi-kerah-lipat-katun-priarompi-pria-lapangan-cocok-untuk-seragam-i5949210582.html
Rompi Katun Oblong Lapangan Wartawan Relawan,"Rp150,000",0,Kota Jakarta Barat,https://www.lazada.co.id/products/rompi-katun-oblong-lapangan-wartawan-relawan-i6220442968.html
rompi motor terbaru rompi kasual pria katun drill,"Rp175,000",0,Kab. Garut,https://www.lazada.co.id/products/rompi-motor-terbaru-rompi-kasual-pria-katun-drill-i4609618321.html
Rompi Lapangan Outdoor Pria - Rompi Proyek - Vest Pria - Rompi Tactical - Rompi Murah - Katun,"Rp76,500",701 sold,Kota Jakarta Barat,https://www.lazada.co.id/products/rompi-lapangan-outdoor-pria-rompi-proyek-vest-pria-rompi-tactical-rompi-murah-katun-i6533556254.html
ROMPI ANAK VARIASI / ROMPI ANAK KATUN FLEECE / ROMPI POLOS ANAK BAHAN KATUN,"Rp37,950",0,Kota Bandung,https://www.lazada.co.id/products/rompi-anak-variasi-rompi-anak-katun-fleece-rompi-polos-anak-bahan-katun-i7913122924.html
"Vest Tenun  Rompi Kekinian Outfit Kerja Etnik Wanita Modern - Pesta, Casual, Katun, Panjang, Atasan, Linen, Pendek, Crop, Kondangan,putih, hitam, abu abu, biru","Rp147,500",0,Kab. Jepara,https://www.lazada.co.id/products/vest-tenun-rompi-kekinian-outfit-kerja-etnik-wanita-modern-pesta-casual-katun-panjang-atasan-linen-pendek-crop-kondanganputih-hitam-abu-abu-biru-i8358656871.html
"ROMPI SHOLAT USMAN, BAHAN KATUN TOYOBO FODU","Rp67,500",266 sold,Kab. Bandung,https://www.lazada.co.id/products/rompi-sholat-usman-bahan-katun-toyobo-fodu-i7048708443.html
VEST BATIK WANITA MODERN ETNIK ROMPI OUTER KATUN PREMIUM || VEST BATIK WANITA EKSLUSIF,"Rp24,480",0,Kab. Pekalongan,https://www.lazada.co.id/products/vest-batik-wanita-modern-etnik-rompi-outer-katun-premium-vest-batik-wanita-ekslusif-i8339502368.html
BAJU ROMPI BAHAN KATUN COTON TERBARU TERKINI MOTIF RENDOM RENDOM,"Rp35,000",0,Kota Pekalongan,https://www.lazada.co.id/products/baju-rompi-bahan-katun-coton-terbaru-terkini-motif-rendom-rendom-i7403368768.html
rompi pria dewasa import / rompi bolak balik bahan katun kanvas tebal merk jeep,"Rp215,000",0,Kab. Pemalang,https://www.lazada.co.id/products/rompi-pria-dewasa-import-rompi-bolak-balik-bahan-katun-kanvas-tebal-merk-jeep-i8001298228.html
