Product Name,Product Price,Product Sold,Product Location,Name Store,Product Official Store,Product Rating,Product Link
Rompi vest motor / rompi kerja / rompi kantoran / rompi katun dreal,Rp120.000,1 terjual,Kab. Garut,Cahya Jaket,False,No Rating,https://www.tokopedia.com/cahyajaket/rompi-vest-motor-rompi-kerja-rompi-kantoran-rompi-katun-dreal-army-5xl-13a33?extParam=ivf%3Dfalse%26keyword%3Drompi+katun&src=topads
"NEU MEN Vest Pria Segara Vest Bahan Katun Premium - M, Biru",Rp329.000,2 terjual,Bandung,NeuMen,True,No Rating,https://www.tokopedia.com/neumen/neu-men-vest-pria-segara-vest-bahan-katun-premium-m-biru-dca27?extParam=ivf%3Dtrue%26keyword%3Drompi+katun&src=topads
"Kaos Dalam - Singlet Cowok Sorex / T-shirt - Vest Man Polos 6010 / 6011 - Comfort Fit - 100% Katun - Vest (Putih), M",Rp64.631,7 terjual,Bandung,HaTi Fashion,False,No Rating,https://www.tokopedia.com/hatifashion/kaos-dalam-singlet-cowok-sorex-t-shirt-vest-man-polos-6010-6011-comfort-fit-100-katun-vest-putih-m-7c07a?extParam=ivf%3Dtrue%26keyword%3Drompi+katun&src=topads
Mens Formal Black Vest Katun Hitam ROM 385,Rp70.400,4.9250+ terjual,Jakarta Barat,Gudang Fashion,True,4.9,https://www.tokopedia.com/gudang-fashion/mens-formal-black-vest-katun-hitam-rom-385-biru-navy?extParam=ivf%3Dtrue%26keyword%3Drompi+katun%26search_id%3D202503240544144762CAE0CE936F2CCKAH%26src%3Dsearch
Rompi Formal Pria Katun Hitam – ROM 480,Rp70.400,4.8100+ terjual,Jakarta Barat,Gudang Fashion,True,4.8,https://www.tokopedia.com/gudang-fashion/rompi-formal-pria-katun-hitam-rom-480-biru-navy?extParam=ivf%3Dtrue%26keyword%3Drompi+katun%26search_id%3D202503240544144762CAE0CE936F2CCKAH%26src%3Dsearch
Rompi jeep katun bolak balik import,Rp189.900,4.930+ terjual,Jakarta Barat,Rizara store,False,4.9,https://www.tokopedia.com/rizarastore/rompi-jeep-katun-bolak-balik-import-cokelat-xl-d6f6e?extParam=ivf%3Dfalse%26keyword%3Drompi+katun%26search_id%3D202503240544144762CAE0CE936F2CCKAH%26src%3Dsearch
Rompi Modis Pria Katun Abu Muda ROM 482,Rp70.400,4.970+ terjual,Jakarta Barat,Gudang Fashion,True,4.9,https://www.tokopedia.com/gudang-fashion/rompi-modis-pria-katun-abu-muda-rom-482-rom-489?extParam=ivf%3Dfalse%26keyword%3Drompi+katun%26search_id%3D202503240544144762CAE0CE936F2CCKAH%26src%3Dsearch
Rompi jeep Bolak Balik / Kanvas / Import / Katun / Pria / Lapangan,Rp220.000,4.9250+ terjual,Jakarta Pusat,DERIA SHOP,False,4.9,https://www.tokopedia.com/deriashop/rompi-jeep-bolak-balik-kanvas-import-katun-pria-lapangan-hijau-xl?extParam=ivf%3Dfalse%26keyword%3Drompi+katun%26search_id%3D202503240544144762CAE0CE936F2CCKAH%26src%3Dsearch
jaket rompi pria casual katun drill rompi motor terbaru,Rp118.000,4.71rb+ terjual,Kab. Garut,AL-RAZAAK .,False,4.7,https://www.tokopedia.com/al-razaak-zey/jaket-rompi-pria-casual-katun-drill-rompi-motor-terbaru-krem-s?extParam=ivf%3Dfalse%26keyword%3Drompi+katun%26search_id%3D202503240544144762CAE0CE936F2CCKAH%26src%3Dsearch
Rompi Kain Katun Pria - Rompi lapangan - Rompi outdoor Murah,Rp79.560,4.94rb+ terjual,Jakarta Barat,Central_Distro,False,4.9,https://www.tokopedia.com/centraldistro-1/rompi-kain-katun-pria-rompi-lapangan-rompi-outdoor-murah-abu-abu-m?extParam=ivf%3Dfalse%26keyword%3Drompi+katun%26search_id%3D202503240544144762CAE0CE936F2CCKAH%26src%3Dsearch
"ROMPI WINTER, ROMPI KEMBUNG, ROMPI MUSIM DINGIN. S-----6XL",Rp175.000,100+ terjual,Kab. Garut,GARASI_JACKET,False,No Rating,https://www.tokopedia.com/garasijacket/rompi-winter-rompi-kembung-rompi-musim-dingin-s-6xl-gading-3xl?extParam=ivf%3Dfalse%26keyword%3Drompi+katun&src=topads
"Rompi Pria import JEEP bolak balik - Cream, XL",Rp195.500,500+ terjual,Tangerang,RoverGreenJacket,False,No Rating,https://www.tokopedia.com/rovergreenjacket/rompi-pria-import-jeep-bolak-balik-cream-xl-2247f?extParam=ivf%3Dfalse%26keyword%3Drompi+katun&src=topads
Rompi Tactical Vest Lapangan Kerja Pria Outdoor Casual Rompi Mancing,Rp216.750,250+ terjual,Kab. Garut,rayden fashion,False,No Rating,https://www.tokopedia.com/raydenfashion18/rompi-tactical-vest-lapangan-kerja-pria-outdoor-casual-rompi-mancing-cream-xxl-bc460?extParam=ivf%3Dfalse%26keyword%3Drompi+katun&src=topads
Rompi Motor Windproof Casual Pria Hikemore Vest 01,Rp199.000,50+ terjual,Jakarta Barat,Hikemore Jakarta,False,No Rating,https://www.tokopedia.com/hikemore-jakarta/rompi-motor-windproof-casual-pria-hikemore-vest-01-hm-black-l-8d812?extParam=ivf%3Dfalse%26keyword%3Drompi+katun&src=topads
"EIGER VITEZA QUILTED VEST - Brown, S",Rp407.550,250+ terjual,Depok,Eiger Adventure Official,True,No Rating,https://www.tokopedia.com/eigeradventure/eiger-viteza-quilted-vest-brown-s?extParam=ivf%3Dfalse%26keyword%3Drompi+katun&src=topads
Rompi pria dari katun premium berkualitas tinggi,Rp115.000,4.430+ terjual,Kab. Garut,BarkidJacket,False,4.4,https://www.tokopedia.com/barkidjacket/rompi-pria-dari-katun-premium-berkualitas-tinggi-krem-s?extParam=ivf%3Dfalse%26keyword%3Drompi+katun%26search_id%3D202503240544144762CAE0CE936F2CCKAH%26src%3Dsearch
CARDINAL Rompi Katun Kantong Banyak EARAR68,Rp500.000,5.02 terjual,Surabaya,Toko Cardinal Jeans,False,5.0,https://www.tokopedia.com/tokocardinal/cardinal-rompi-katun-kantong-banyak-earar68-l-0e67a?extParam=ivf%3Dfalse%26keyword%3Drompi+katun%26search_id%3D202503240544144762CAE0CE936F2CCKAH%26src%3Dsearch
Rompi Street Ojol Gojek Pria Murah Stock Ready Bahan Katun Original,Rp128.000,4.812 terjual,Kab. Bandung,Julyshoop,False,4.8,https://www.tokopedia.com/julyshoo/rompi-street-ojol-gojek-pria-murah-stock-ready-bahan-katun-original-hitam-s?extParam=ivf%3Dfalse%26keyword%3Drompi+katun%26search_id%3D202503240544144762CAE0CE936F2CCKAH%26src%3Dsearch
Rompi pria katun lapangan cargo rompi ripstok serbaguna multifungsi,Rp79.282,4.9750+ terjual,Bandung,arkan ku,False,4.9,https://www.tokopedia.com/arkanku/rompi-pria-katun-lapangan-cargo-rompi-ripstok-serbaguna-multifungsi-hitam-m?extParam=ivf%3Dfalse%26keyword%3Drompi+katun%26search_id%3D202503240544144762CAE0CE936F2CCKAH%26src%3Dsearch
Rompi pria rompi katun rompi lapangan rompi cargo rompi serbaguna,Rp79.282,4.8750+ terjual,Bandung,arkan ku,False,4.8,https://www.tokopedia.com/arkanku/rompi-pria-rompi-katun-rompi-lapangan-rompi-cargo-rompi-serbaguna-hitam-xl?extParam=ivf%3Dfalse%26keyword%3Drompi+katun%26search_id%3D202503240544144762CAE0CE936F2CCKAH%26src%3Dsearch
IYZ Rompi Formal Pria Waiters // Blazer Rompi Katun Twill,Rp82.500,5.021 terjual,Jakarta Timur,Oktaviani Storeo,False,5.0,https://www.tokopedia.com/oktavianistoreo/iyz-rompi-formal-pria-waiters-blazer-rompi-katun-twill-hitam-m-e664c?extParam=ivf%3Dfalse%26keyword%3Drompi+katun%26search_id%3D202503240544144762CAE0CE936F2CCKAH%26src%3Dsearch
Rompi Pria terbaru - Rompi sholat Pria - Rompi pria Katun - best pria,Rp145.000,5.04 terjual,Kab. Garut,CENTER JAKET,False,5.0,https://www.tokopedia.com/center-jaket/rompi-pria-terbaru-rompi-sholat-pria-rompi-pria-katun-best-pria-navy-s?extParam=ivf%3Dfalse%26keyword%3Drompi+katun%26search_id%3D202503240544144762CAE0CE936F2CCKAH%26src%3Dsearch
Rompi jeep pria katun bolak balik import,Rp199.900,4.55 terjual,Jakarta Barat,Rizara store,False,4.5,https://www.tokopedia.com/rizarastore/rompi-jeep-pria-katun-bolak-balik-import-cokelat-xl-91d2c?extParam=ivf%3Dfalse%26keyword%3Drompi+katun%26search_id%3D202503240544144762CAE0CE936F2CCKAH%26src%3Dsearch
Rompi katun pria terbaru,Rp145.000,4.5100+ terjual,Kab. Garut,GALERI JAKET,False,4.5,https://www.tokopedia.com/salsabola/rompi-katun-pria-terbaru-cream-m?extParam=ivf%3Dfalse%26keyword%3Drompi+katun%26search_id%3D202503240544144762CAE0CE936F2CCKAH%26src%3Dsearch
rompi pria bahan katun drill bisa castom border beli 12 geratis 1 pcs,Rp190.000,5.08 terjual,Kab. Garut,ARSYA LEATHER,False,5.0,https://www.tokopedia.com/bintangleather/rompi-pria-bahan-katun-drill-bisa-castom-border-beli-12-geratis-1-pcs-cream-xxxxxl?extParam=ivf%3Dfalse%26keyword%3Drompi+katun%26search_id%3D202503240544144762CAE0CE936F2CCKAH%26src%3Dsearch
Rompi kulit asli keren,Rp650.000,9 terjual,Kab. Garut,4 leather,False,No Rating,https://www.tokopedia.com/4leather/rompi-kulit-asli-keren-1?extParam=ivf%3Dfalse%26keyword%3Drompi+katun&src=topads
ROMPI PRIA CASUAL BOLAK BALIK,Rp175.700,1 terjual,Tangerang,RoverGreenJacket,False,No Rating,https://www.tokopedia.com/rovergreenjacket/rompi-pria-casual-bolak-balik-1730823749889000627?extParam=ivf%3Dfalse%26keyword%3Drompi+katun&src=topads
"jaket rompi pria, rompi exklucive",Rp165.000,500+ terjual,Kab. Garut,GARASI_JACKET,False,No Rating,https://www.tokopedia.com/garasijacket/jaket-rompi-pria-rompi-exklucive-hitam-m?extParam=ivf%3Dfalse%26keyword%3Drompi+katun&src=topads
Rompi poloss exclusive,Rp95.000,0,Jakarta Pusat,setia adhiguna adv,False,No Rating,https://www.tokopedia.com/archive-setiaadhigunaadv/rompi-poloss-exclusive?extParam=ivf%3Dfalse%26keyword%3Drompi+katun&src=topads
rompi pria multifungsi/vest pria outdoor,Rp150.000,10 terjual,Kab. Garut,dirga bintang,False,No Rating,https://www.tokopedia.com/jaketjaketpria/rompi-pria-multifungsi-vest-pria-outdoor-hitam-s-50caf?extParam=ivf%3Dfalse%26keyword%3Drompi+katun&src=topads
rompi outdoor/rompi pria/rompi katun/best pria/rompi lapangan,Rp120.000,5.02 terjual,Kab. Garut,Kios Rompi,False,5.0,https://www.tokopedia.com/kiosrom/rompi-outdoor-rompi-pria-rompi-katun-best-pria-rompi-lapangan-cream-xs-9dee4?extParam=ivf%3Dfalse%26keyword%3Drompi+katun%26search_id%3D202503240544144762CAE0CE936F2CCKAH%26src%3Dsearch
rompi peria/rompi keren bahan katun American DERIL,Rp135.000,5.030+ terjual,Kab. Garut,AKBAR JAKET,False,5.0,https://www.tokopedia.com/akbarjaket/rompi-peria-rompi-keren-bahan-katun-american-deril-hitam-xl?extParam=ivf%3Dfalse%26keyword%3Drompi+katun%26search_id%3D202503240544144762CAE0CE936F2CCKAH%26src%3Dsearch
Vest Batik Wanita / Rompi Batik Wanita / Outer Batik Katun Wanita Zalina,Rp170.000,5.027 terjual,Jakarta Timur,La Rosa Jakarta,False,5.0,https://www.tokopedia.com/larosajakarta/vest-batik-wanita-rompi-batik-wanita-outer-batik-katun-wanita-zalina-cokelat-m-a0834?extParam=ivf%3Dfalse%26keyword%3Drompi+katun%26search_id%3D202503240544144762CAE0CE936F2CCKAH%26src%3Dsearch
SORA Vest Crop Outer Pria Keren Katun Premium Original By Dgawan,Rp157.000,4.923 terjual,Bogor,DGAWAN,False,4.9,https://www.tokopedia.com/dgawan/sora-vest-crop-outer-pria-keren-katun-premium-original-by-dgawan-black-16931?extParam=ivf%3Dfalse%26keyword%3Drompi+katun%26search_id%3D202503240544144762CAE0CE936F2CCKAH%26src%3Dsearch
ROMPI KATUN KANVAS IMPORT BOLAK BALIK DALAM POLOS,Rp174.500,5.07 terjual,Jakarta Selatan,javajeansstore,False,5.0,https://www.tokopedia.com/javajeansstore/rompi-katun-kanvas-import-bolak-balik-dalam-polos-hijau-xxxl?extParam=ivf%3Dfalse%26keyword%3Drompi+katun%26search_id%3D202503240544144762CAE0CE936F2CCKAH%26src%3Dsearch
Aneesa vest batik Katun V-Neck,Rp49.999,4.85rb+ terjual,Kab. Gunungkidul,aurania.clo,False,4.8,https://www.tokopedia.com/auraniaclo/aneesa-vest-batik-katun-v-neck-1729566850432271666?extParam=ivf%3Dfalse%26keyword%3Drompi+katun%26search_id%3D202503240544144762CAE0CE936F2CCKAH%26src%3Dsearch
rompi jeep katun bolak balik loreng,Rp225.000,5.050+ terjual,Jakarta Pusat,EXEL78,False,5.0,https://www.tokopedia.com/excellent78/rompi-jeep-katun-bolak-balik-loreng-hijau-xxxl?extParam=ivf%3Dfalse%26keyword%3Drompi+katun%26search_id%3D202503240544144762CAE0CE936F2CCKAH%26src%3Dsearch
ROMPI SHOLAT (ROSAL) HIGH QUALITY Material KATUN MADINA PREMIUM,Rp95.500,5.022 terjual,Jakarta Utara,MG Store & Collection,False,5.0,https://www.tokopedia.com/mg-store-collection/rompi-sholat-rosal-high-quality-material-katun-madina-premium-black-xl?extParam=ivf%3Dfalse%26keyword%3Drompi+katun%26search_id%3D202503240544144762CAE0CE936F2CCKAH%26src%3Dsearch
Vest Batik Wanita Motif BOLAK BALIK DOUBLE Cardigan Vest Batik Wanita Outer Batik Viral V Atasan Batik Rompi Batik Outfit ompi Batik Wanita/ Outer Batik Katun Wanita Premium Batik Vest Rompi Casual Tanpa Lengan,Rp40.300,4.812 terjual,Kab. Sleman,Fiddinshop,False,4.8,https://www.tokopedia.com/fiddinshop/vest-batik-wanita-motif-bolak-balik-double-cardigan-vest-batik-wanita-outer-batik-viral-v-atasan-batik-rompi-batik-outfit-ompi-batik-wanita-outer-batik-katun-wanita-premium-batik-vest-rompi-casual-tanpa-lengan-1730860610324432399?extParam=ivf%3Dfalse%26keyword%3Drompi+katun%26search_id%3D202503240544144762CAE0CE936F2CCKAH%26src%3Dsearch
Formal Vest Outfits Katun Hitam  ROM 347,Rp70.400,4.7250+ terjual,Jakarta Barat,Gudang Fashion,True,4.7,https://www.tokopedia.com/gudang-fashion/formal-vest-outfits-katun-hitam-rom-347-rom-489?extParam=ivf%3Dtrue%26keyword%3Drompi+katun%26search_id%3D202503240544144762CAE0CE936F2CCKAH%26src%3Dsearch
Rompi pria/ rompi casual/ rompi kerja/ rompi lapangan/ vest pria motor,Rp136.400,40+ terjual,Kab. Garut,rayden fashion,False,No Rating,https://www.tokopedia.com/raydenfashion18/rompi-pria-rompi-casual-rompi-kerja-rompi-lapangan-vest-pria-motor-hijau-army-m-557d8?extParam=ivf%3Dfalse%26keyword%3Drompi+katun&src=topads
Rompi Cargo Multifungsi Tactical Outdoor Vest Pria Lapangan Prodigo Gola All Varian,Rp169.999,500+ terjual,Bandung,Prodigo Official,True,No Rating,https://www.tokopedia.com/prodigo/rompi-cargo-multifungsi-tactical-outdoor-vest-pria-lapangan-prodigo-gola-all-varian-cream-2-xxl-e2a01?extParam=ivf%3Dfalse%26keyword%3Drompi+katun&src=topads
Mahameru Rompi VM Micro JM 003,Rp259.000,100+ terjual,Bandung,Mahameru Survival Soul,False,No Rating,https://www.tokopedia.com/mahamerusurvival/mahameru-rompi-vm-micro-jm-003-grey-navy-s-73d7?extParam=ivf%3Dtrue%26keyword%3Drompi+katun&src=topads
PO ROMPI PLN CUSTOM BORDIR + SAKU+ FURING BIRU,Rp185.000,0,Jakarta Timur,RPSC,False,No Rating,https://www.tokopedia.com/rpsc/po-rompi-pln-custom-bordir-saku-furing-biru-1730955595461986151?extParam=ivf%3Dfalse%26keyword%3Drompi+katun&src=topads
Rompi pria terbaru/rompi motor/rompi/rompi kantoran/rompi outdor/vest,Rp136.500,250+ terjual,Kab. Garut,F BRAND FASHION,False,No Rating,https://www.tokopedia.com/fbrandfashion/rompi-pria-terbaru-rompi-motor-rompi-rompi-kantoran-rompi-outdor-vest-abu-abu-m?extParam=ivf%3Dfalse%26keyword%3Drompi+katun&src=topads
Rompi Vest Pria Katun wartawan lapangan Proyek Motoran  Multifungsi,Rp145.000,5.07 terjual,Kab. Garut,LEGENDJAKETSHOP,False,5.0,https://www.tokopedia.com/legendjaket/rompi-vest-pria-katun-wartawan-lapangan-proyek-motoran-multifungsi-hijau-m-47c29?extParam=ivf%3Dfalse%26keyword%3Drompi+katun%26search_id%3D202503240544144762CAE0CE936F2CCKAH%26src%3Dsearch
ROMPI KATUN KANVAS IMPORT ORIGINAL BOLAK-BALIK DALAM LORENG ARMY,Rp182.500,4.05 terjual,Jakarta Selatan,javajeansstore,False,4.0,https://www.tokopedia.com/javajeansstore/rompi-katun-kanvas-import-original-bolak-balik-dalam-loreng-army-cream-xl?extParam=ivf%3Dfalse%26keyword%3Drompi+katun%26search_id%3D202503240544144762CAE0CE936F2CCKAH%26src%3Dsearch
Rompi Formal Kerja Pria Katun Abu ROM 479,Rp70.400,5.06 terjual,Jakarta Barat,Gudang Fashion,True,5.0,https://www.tokopedia.com/gudang-fashion/rompi-formal-kerja-pria-katun-abu-rom-479-rom-489?extParam=ivf%3Dfalse%26keyword%3Drompi+katun%26search_id%3D202503240544144762CAE0CE936F2CCKAH%26src%3Dsearch
TEESYAF - VEST BATIK OUTER ROMPI ATASAN BATIK WANITA V NECK MOTIF MEGA MENDUNG TETRIS Katun,Rp69.999,4.950+ terjual,Pekalongan,Teesyafoutfit,True,4.9,https://www.tokopedia.com/teesyafoutfit/teesyaf-vest-batik-outer-rompi-atasan-batik-wanita-v-neck-motif-mega-mendung-tetris-katun-1730849741906871721?extParam=ivf%3Dfalse%26keyword%3Drompi+katun%26search_id%3D202503240544144762CAE0CE936F2CCKAH%26src%3Dsearch
CARDINAL Rompi Katun Kantong Banyak EARAR70,Rp500.000,5.02 terjual,Surabaya,Toko Cardinal Jeans,False,5.0,https://www.tokopedia.com/tokocardinal/cardinal-rompi-katun-kantong-banyak-earar70-hijau-m-4a266?extParam=ivf%3Dfalse%26keyword%3Drompi+katun%26search_id%3D202503240544144762CAE0CE936F2CCKAH%26src%3Dsearch
Vest Hoodie Zipper Mufasa bahan katun 100%,Rp249.000,5.03 terjual,Kab. Tangerang,fantasticfand,False,5.0,https://www.tokopedia.com/fantasticfand/vest-hoodie-zipper-mufasa-bahan-katun-100-s-0f715?extParam=ivf%3Dfalse%26keyword%3Drompi+katun%26search_id%3D202503240544144762CAE0CE936F2CCKAH%26src%3Dsearch
Pria Katun Banyak Kantong Rompi Musim Panas Kasual jaket Tanpa Lengan,Rp170.000,5.030+ terjual,Jakarta Pusat,H&P collection,False,5.0,https://www.tokopedia.com/vina-fusco/pria-katun-banyak-kantong-rompi-musim-panas-kasual-jaket-tanpa-lengan-hijau-m?extParam=ivf%3Dfalse%26keyword%3Drompi+katun%26search_id%3D202503240544144762CAE0CE936F2CCKAH%26src%3Dsearch
Rompi Sholat Hoodie Zipper Rosal Ilnaaf Bahan Katun Filafil,Rp128.000,4.980+ terjual,Surakarta,grosirbajukoko_id,False,4.9,https://www.tokopedia.com/grosirbajukoko-id/rompi-sholat-hoodie-zipper-rosal-ilnaaf-bahan-katun-filafil-dark-tosca-m?extParam=ivf%3Dfalse%26keyword%3Drompi+katun%26search_id%3D202503240544144762CAE0CE936F2CCKAH%26src%3Dsearch
Rompi katun pria musim terbaru,Rp145.000,5.024 terjual,Kab. Garut,GALERI JAKET,False,5.0,https://www.tokopedia.com/salsabola/rompi-katun-pria-musim-terbaru-navy-s?extParam=ivf%3Dfalse%26keyword%3Drompi+katun%26search_id%3D202503240544144762CAE0CE936F2CCKAH%26src%3Dsearch
One Set Zeela Vest Setelan Atasan Bawahan Wanita Katun Twill Panjang,Rp129.900,4.910rb+ terjual,Kab. Karanganyar,Cantiqu.id,False,4.9,https://www.tokopedia.com/cantiquid/one-set-zeela-vest-setelan-atasan-bawahan-wanita-katun-twill-panjang-1730630405596219154?extParam=ivf%3Dfalse%26keyword%3Drompi+katun%26search_id%3D202503240544144762CAE0CE936F2CCKAH%26src%3Dsearch
Rompi Rajut Anak Laki-Laki Katun Abu Muda ROM 429,Rp72.900,4.813 terjual,Jakarta Barat,Gudang Fashion,True,4.8,https://www.tokopedia.com/gudang-fashion/rompi-rajut-anak-laki-laki-katun-abu-muda-rom-429?extParam=ivf%3Dfalse%26keyword%3Drompi+katun%26search_id%3D202503240544144762CAE0CE936F2CCKAH%26src%3Dsearch
Best seller ROMPI KATUN KANVAS IMPORT ORIGINAL BOLAK-BALIK BAGIAN,Rp277.000,0,Jakarta Barat,Trianastore004,False,No Rating,https://www.tokopedia.com/trianastore004/best-seller-rompi-katun-kanvas-import-original-bolak-balik-bagian-hijau-army-xl-487b2?extParam=ivf%3Dfalse%26keyword%3Drompi+katun%26search_id%3D202503240544144762CAE0CE936F2CCKAH%26src%3Dsearch
Vest Pria Formal Katun Abu  ROM 353,Rp70.400,4.6100+ terjual,Jakarta Barat,Gudang Fashion,True,4.6,https://www.tokopedia.com/gudang-fashion/vest-pria-formal-katun-abu-rom-353-rom-489?extParam=ivf%3Dtrue%26keyword%3Drompi+katun%26search_id%3D202503240544144762CAE0CE936F2CCKAH%26src%3Dsearch
Formal Vest For Male Katun Abu  ROM 348,Rp70.400,5.08 terjual,Jakarta Barat,Gudang Fashion,True,5.0,https://www.tokopedia.com/gudang-fashion/formal-vest-for-male-katun-abu-rom-348-rom-489?extParam=ivf%3Dfalse%26keyword%3Drompi+katun%26search_id%3D202503240544144762CAE0CE936F2CCKAH%26src%3Dsearch
Vest Pria Formal Katun Hitam  ROM 272,Rp70.400,4.430+ terjual,Jakarta Barat,Gudang Fashion,True,4.4,https://www.tokopedia.com/gudang-fashion/vest-pria-formal-katun-hitam-rom-272-rom-489?extParam=ivf%3Dfalse%26keyword%3Drompi+katun%26search_id%3D202503240544144762CAE0CE936F2CCKAH%26src%3Dsearch
ROMPI BAHAN KANVAS/KATUN MODEL KERAH OBLONG V NECK PRIA WANITA,Rp150.999,5.09 terjual,Jakarta Pusat,R_store28,False,5.0,https://www.tokopedia.com/r-store28-08/rompi-bahan-kanvas-katun-model-kerah-oblong-v-neck-pria-wanita-krem-m-a4632?extParam=ivf%3Dfalse%26keyword%3Drompi+katun%26search_id%3D202503240544144762CAE0CE936F2CCKAH%26src%3Dsearch
ROMPI JEEF VEST PRIA BANYAK KANTONG BAHAN KATUN DRILL S/M/L/XL/XXL/X3,Rp200.000,5.02 terjual,Kab. Garut,anatomy jaket,False,5.0,https://www.tokopedia.com/anatomy-jaket/rompi-jeef-vest-pria-banyak-kantong-bahan-katun-drill-s-m-l-xl-xxl-x3-hitam-s?extParam=ivf%3Dfalse%26keyword%3Drompi+katun%26search_id%3D202503240544144762CAE0CE936F2CCKAH%26src%3Dsearch
Cardigan vest Korean style-Cardigan tulle brukat-Outer kekinian Putih Katun Santai Rompi Outer Motif Wanita Bunga Santai,Rp40.000,4.81rb+ terjual,Jakarta Barat,arffashion_NEW,False,4.8,https://www.tokopedia.com/arffashion/cardigan-vest-korean-style-cardigan-tulle-brukat-outer-kekinian-putih-katun-santai-rompi-outer-motif-wanita-bunga-santai-1729689033490008906?extParam=ivf%3Dfalse%26keyword%3Drompi+katun%26search_id%3D202503240544144762CAE0CE936F2CCKAH%26src%3Dsearch
Gamis Bayi Perempuan Newborn 0-2 Tahun Vest Brukat Anak Rompi Katun Spandek mocca tiktok baju muslim panjang dress Tanggung Polkadot Brokat Tile Pesta Setelan Kondangan Gaun Cewek Wanita,Rp49.000,4.81rb+ terjual,Kab. Bandung,ghiewstore,False,4.8,https://www.tokopedia.com/ghiewstore/gamis-bayi-perempuan-newborn-0-2-tahun-vest-brukat-anak-rompi-katun-spandek-mocca-tiktok-baju-muslim-panjang-dress-tanggung-polkadot-brokat-tile-pesta-setelan-kondangan-gaun-cewek-wanita-1729565987369618270?extParam=ivf%3Dfalse%26keyword%3Drompi+katun%26search_id%3D202503240544144762CAE0CE936F2CCKAH%26src%3Dsearch
"(ROMPI MENYATU) GAUN  DRES BLEZER BKK ANAK PEREMPUAN MOTIF BUNGA/BAJU ANAK KOREAN STYLE MURAH UMUR 3 bulan-3,5 tahun DRES ANAK CANTIK MURAH COD Cotton Katun",Rp64.125,4.93rb+ terjual,Tangerang,BELIMOM'S STORE,False,4.9,https://www.tokopedia.com/belimoms-store/rompi-menyatu-gaun-dres-blezer-bkk-anak-perempuan-motif-bunga-baju-anak-korean-style-murah-umur-3-bulan-3-5-tahun-dres-anak-cantik-murah-cod-cotton-katun-1729667638083552980?extParam=ivf%3Dfalse%26keyword%3Drompi+katun%26search_id%3D202503240544144762CAE0CE936F2CCKAH%26src%3Dsearch
Rompi pria jeep katun import bolak balik loreng,Rp189.900,5.013 terjual,Jakarta Barat,Rizara store,False,5.0,https://www.tokopedia.com/rizarastore/rompi-pria-jeep-katun-import-bolak-balik-loreng-cokelat-xl-6b2ca?extParam=ivf%3Dfalse%26keyword%3Drompi+katun%26search_id%3D202503240544144762CAE0CE936F2CCKAH%26src%3Dsearch
rompi katun pria new model terhits/rompi katun pria berkualitas,Rp150.000,4.614 terjual,Kab. Garut,CENTER JAKET,False,4.6,https://www.tokopedia.com/center-jaket/rompi-katun-pria-new-model-terhits-rompi-katun-pria-berkualitas-biru-navy-s?extParam=ivf%3Dfalse%26keyword%3Drompi+katun%26search_id%3D202503240544144762CAE0CE936F2CCKAH%26src%3Dsearch
BAJU KOKO ROMPI SHOLAT FULL KATUN ROSAL Muslim Pria Dewasa,Rp39.000,4.970+ terjual,Kab. Pekalongan,aznicollection,False,4.9,https://www.tokopedia.com/aznicollection/baju-koko-rompi-sholat-full-katun-rosal-muslim-pria-dewasa-1729659997147727473?extParam=ivf%3Dfalse%26keyword%3Drompi+katun%26search_id%3D202503240544144762CAE0CE936F2CCKAH%26src%3Dsearch
jaket rompi motor bahan katun keren bagus kekinian,Rp125.600,5.030+ terjual,Kab. Garut,jasalfa,False,5.0,https://www.tokopedia.com/jasalfa/jaket-rompi-motor-bahan-katun-keren-bagus-kekinian-hitam-s?extParam=ivf%3Dfalse%26keyword%3Drompi+katun%26search_id%3D202503240544144762CAE0CE936F2CCKAH%26src%3Dsearch
Rompi Kemeja Resmi Katun Hitam  ROM 432,Rp70.400,4.430+ terjual,Jakarta Barat,Gudang Fashion,True,4.4,https://www.tokopedia.com/gudang-fashion/rompi-kemeja-resmi-katun-hitam-rom-432-rom-489?extParam=ivf%3Dfalse%26keyword%3Drompi+katun%26search_id%3D202503240544144762CAE0CE936F2CCKAH%26src%3Dsearch
jaket pria waterproof outdoor rompi/Rompi Vest katun kanvas Outdoor,Rp165.000,5.050+ terjual,Kab. Garut,SERBASERBUJACKET,False,5.0,https://www.tokopedia.com/denzstore-1/jaket-pria-waterproof-outdoor-rompi-rompi-vest-katun-kanvas-outdoor-hijau-s?extParam=ivf%3Dfalse%26keyword%3Drompi+katun%26search_id%3D202503240544144762CAE0CE936F2CCKAH%26src%3Dsearch
Rompi Formal Pria Modis Katun Abu ROM 484,Rp70.400,4.350+ terjual,Jakarta Barat,Gudang Fashion,True,4.3,https://www.tokopedia.com/gudang-fashion/rompi-formal-pria-modis-katun-abu-rom-484-rom-489?extParam=ivf%3Dfalse%26keyword%3Drompi+katun%26search_id%3D202503240544144762CAE0CE936F2CCKAH%26src%3Dsearch
Rompi Katun Topi  - Rompi BB Outdoor - Rompi Partai - Rompi Tactical,Rp92.925,5.05 terjual,Jakarta Barat,Central_Jaket19,False,5.0,https://www.tokopedia.com/rumahcentraljaket/rompi-katun-topi-rompi-bb-outdoor-rompi-partai-rompi-tactical-cream-l-da047?extParam=ivf%3Dfalse%26keyword%3Drompi+katun%26search_id%3D202503240544144762CAE0CE936F2CCKAH%26src%3Dsearch
DOG HARNESS + TALI TUNTUN KATUN rompi vest harness anjing kucing cat,Rp44.000,4.8100+ terjual,Semarang,Minigarden Indonesia,False,4.8,https://www.tokopedia.com/minigarden/dog-harness-tali-tuntun-katun-rompi-vest-harness-anjing-kucing-cat-xtra-small?extParam=ivf%3Dfalse%26keyword%3Drompi+katun%26search_id%3D202503240544144762CAE0CE936F2CCKAH%26src%3Dsearch
rompi pria kasual katun drill premium/vest pria trend terbaru branded,Rp165.000,4.89 terjual,Kab. Garut,RAYYAN JACKET ID,False,4.8,https://www.tokopedia.com/rayyanjacket/rompi-pria-kasual-katun-drill-premium-vest-pria-trend-terbaru-branded-krem-tua-s?extParam=ivf%3Dfalse%26keyword%3Drompi+katun%26search_id%3D202503240544144762CAE0CE936F2CCKAH%26src%3Dsearch
ROMPI BATIK OUTER ANAK VEST ANAK OUTER BATIK ANAK-ANAK BAHAN KATUN UNTUK ACARA FORMAL ATAUPUN NON FORMAL,Rp38.000,5.024 terjual,Kab. Bantul,trengginasofficial,False,5.0,https://www.tokopedia.com/trengginasofficial/rompi-batik-outer-anak-vest-anak-outer-batik-anak-anak-bahan-katun-untuk-acara-formal-ataupun-non-formal-kuning-860a6?extParam=ivf%3Dfalse%26keyword%3Drompi+katun%26search_id%3D202503240544144762CAE0CE936F2CCKAH%26src%3Dsearch
Rompi Formal Kerja Pria Katun Abu Tua ROM 474,Rp70.400,4.314 terjual,Jakarta Barat,Gudang Fashion,True,4.3,https://www.tokopedia.com/gudang-fashion/rompi-formal-kerja-pria-katun-abu-tua-rom-474-rom-489?extParam=ivf%3Dfalse%26keyword%3Drompi+katun%26search_id%3D202503240544144762CAE0CE936F2CCKAH%26src%3Dsearch
Rompi jeep pria bolak balik import pakai topi/Rompi Topi Pria Dewasa Katun Import Premium Kasual/Rompi polos 2 in 1,Rp199.900,4.040+ terjual,Jakarta Barat,Rizara store,False,4.0,https://www.tokopedia.com/rizarastore/rompi-jeep-pria-bolak-balik-import-pakai-topi-rompi-topi-pria-dewasa-katun-import-premium-kasual-rompi-polos-2-in-1-cokelat-xl-7d7b6?extParam=ivf%3Dfalse%26keyword%3Drompi+katun%26search_id%3D202503240544144762CAE0CE936F2CCKAH%26src%3Dsearch
ROMPI PRIA HIKING/VEST OUTDOOR,Rp147.250,100+ terjual,Kab. Garut,GUDANGSNACKK,False,No Rating,https://www.tokopedia.com/gudangsnackk/rompi-pria-hiking-vest-outdoor-hitam-s?extParam=ivf%3Dfalse%26keyword%3Drompi+katun&src=topads
ROMPI PUFFER PRIA - ROMPI GELEMBUNG TAHAN AIR - ROMPI MOTOR,Rp50.000,30+ terjual,Kab. Bandung,TOPBOS_STORE,False,No Rating,https://www.tokopedia.com/topbosstore-1/rompi-puffer-pria-rompi-gelembung-tahan-air-rompi-motor-1730802450651383601?extParam=ivf%3Dtrue%26keyword%3Drompi+katun&src=topads
